1578425619177,dislike,tinder mode,delicious chicken satay  grilled or broiled
1578425631802,dislike,tinder mode,ham  egg and cheese sandwiches
1578425634324,like,tinder mode,low fat papaya chicken breasts
1578425638239,like,tinder mode,japanese meat and potato korokke
1578425640188,dislike,tinder mode,ground chicken turkey kofta kebabs
1578425645964,get nutritional values,tinder mode,balsamic honey tenderloin
1578425658354,get recipe,tinder mode,balsamic honey tenderloin
1578425692429,get recipe,tinder mode,balsamic honey tenderloin
1578425694571,like,tinder mode,balsamic honey tenderloin
1578425755836,like,tinder mode,taco roni
1578425769966,like,tinder mode,Stir fried ramen noodles
1578425775449,like,tinder mode,Moroccan beef with artichokes
1578425777243,like,tinder mode,Special swedish meatballs
1578425779039,like,tinder mode,Priscilla s taco thing
1578425784952,dislike,tinder mode,Curried beef and potato stew
1578425786520,dislike,tinder mode,Mexican dip
1578425961987,get nutritional values,tinder mode,Beef pinwheels
1578425973984,get nutritional values,tinder mode,Beef pinwheels
1578425980523,get nutritional values,tinder mode,Rosemary apple meatloaf
1578425988817,get nutritional values,tinder mode,Rosemary apple meatloaf