1578421966124,get recipe,list mode,Hoppin  john soup
1578421997480,get recipe,list mode,Hoppin  john soup
1578422002704,like,list mode,Hoppin  john soup
1578422025793,get recipe,list mode,Mustard lamb chops
1578422049995,get recipe,list mode,Mustard lamb chops
1578422074398,get nutritional values,list mode,Crunchy vietnamese chicken salad
1578422141580,get recipe,list mode,Turkey curry with soba noodles
1578422171369,get recipe,list mode,Turkey curry with soba noodles
1578422693904,like,list mode,Roman roasted vegetables
1578423640946,dislike,list mode,Marinated steak fettuccine with smoked mozzarella sauce
1578423654510,like,list mode,Pineapple and cheddar cheese casserole
1578423657242,dislike,list mode,Danish meatballs in curry sauce  boller i karry