1578426584127,dislike,list mode,Panch phoron  bengali five spice
1578426587121,dislike,list mode,Spiced pineapple pork
1578426595929,dislike,list mode,Chic and cheerful   savoury french olive  cheese and onion cake
1578426648870,like,list mode,Secret ingredient curried cauliflower soup
1578426652614,like,list mode,Mika s korean sesame seed cookies  ggae gwa ja
1578426660750,dislike,list mode,Perkedel jagung  indonesian corn fritters
1578426665654,dislike,list mode,Rogan josh  kashmiri lamb curry
1578426808525,get recipe,list mode,mika s korean sesame seed cookies  ggae gwa ja
1578426815788,get recipe,list mode,mika s korean sesame seed cookies  ggae gwa ja
1578427060862,get nutritional values,list mode,Japanese ramen shop ramen
1578427073021,get nutritional values,list mode,Japanese ramen shop ramen
1578427287282,like,list mode,Sesame  snow  peas
